<?xml version="1.0" encoding="UTF-8"?>
<?xml-stylesheet type="text/xsl" href="styles.xsl"?>
<book>
    <page>
        <pageNumber>8</pageNumber>
        <topic>Тема 1</topic>
        <separator></separator>
        <content>
            <image src="pic.png" alt="Картинка"/>
            <caption>Рисунок 1.1. Объединение сети в Интернет</caption>
            <paragraph>
                <strong>Веб-страница</strong> – гипертекстовой ресурс Всемирной паутины, обычно напи-
                санный на языке HTML. <strong>Веб-страница</strong> может содержать ссылки для перехода
                на другие страницы, а также изображения, медиафайлы, например звуковые
                файлы и видео, Flash-анимацию и т.п.
            </paragraph>
            <paragraph>
                Программа, демонстрирующая <strong>веб-страницу</strong>, называется <strong>веб-браузер</strong>. Не-
                сколько <strong>веб-страниц</strong>, объединенных общей темой и дизайном, образуют <strong>веб-сайт</strong>.
            </paragraph>
            <paragraph>
                <strong>Веб-сервер (HTTP-сервер)</strong> – это программное обеспечение (ПО), предостав-
                ляющее доступ к сайтам. Наиболее популярными <strong>веб-серверами</strong> являются
                Apache (для ОС Windows и Unix) и Microsoft IIS (для Windows). Также <strong>веб-сервером</strong>
                называют компьютер, на котором установлено такое ПО.
            </paragraph>
            <paragraph>
                URL (Uniform Resource Locator) – адрес ресурса.
            </paragraph>
            <paragraph>
                Структура URL:
            </paragraph>
            <paragraph>
                протокол :// пользователь : пароль @ хост : порт / путь ? запрос
            </paragraph>
            
        </content>
    </page>
    <page>
        <pageNumber>9</pageNumber>
        <topic>Содержание</topic>
        <separator></separator>
        <content>
            <paragraph>
                Некоторые элементы URL могут быть опущены. Чаще всего адрес имеет вид
                протокол :// хост / путь,
            </paragraph>
            <paragraph>
                где протокол – http, https, ftp, skype и др.
            </paragraph>
            <paragraph>
                хост – доменное имя (или IP-адрес)
            </paragraph>
            <paragraph>
                путь – местонахождение ресурса на хосте
            </paragraph>
            <paragraph>
                Например: http://www.redut.ru/forum/index.php
            </paragraph>
            <paragraph>
                При помощи URL можно ссылаться на любой открытый ресурс, будь то
                страница, изображение, файл для загрузки и т.д.
            </paragraph>
            <paragraph>
                Для обращения к сайту используют доменное имя. Доменное имя состоит из
                нескольких доменов, разделенных точкой.
            </paragraph>
            <paragraph>
                Например:
            </paragraph>
            <paragraph>
                maps.google.com – означает, что домен третьего уровня maps входит в домен
                второго уровня google, который в свою очередь входит в домен первого (верхнего) уровня com.
            </paragraph>
            <paragraph>
                Домены верхнего уровня делятся на общие и географические. Общие домены
                предназначены для определенного класса организаций, например:
            </paragraph>
            <paragraph>
                .com – для коммерческих сайтов;
            </paragraph>
            <paragraph>
                .org – для некоммерческих организаций;
            </paragraph>
            <paragraph>
                .net – для сайтов, чья деятельность связана с Интернетом.
            </paragraph>
            <paragraph>
                Географические домены выделяются для конкретной страны, например:
            </paragraph>
            <paragraph>
                .ru – Россия;
            </paragraph>
            <paragraph>
                .us – США;
            </paragraph>
            <paragraph>
                .eu – Европейский союз;
            </paragraph>
            <paragraph>
                .de – Германия.
            </paragraph>
            <paragraph>
                Использование географического домена не всегда означает то, что сайт раз-
                мещается в соответствующей стране или имеет к ней какое-либо отношение.
            </paragraph>
            <paragraph>
                Например, многие телекомпании используют домен .tv островного государ-
                ства Тувалу.
            </paragraph>
            <paragraph>
                Помимо доменного имени для работы сайта необходим круглосуточно рабо-
                тающий <strong>веб-сервер</strong>, способный выдержать большие нагрузки. Услуга разме-
                щения <strong>веб-сайта</strong> на <strong>веб-сервере</strong> называется хостингом. Хостинг может быть
                платным или бесплатным. На платном хостинге, как правило, предоставляется
                доменное имя второго уровня.
            </paragraph>
        </content>
    </page>
</book>
